Unnamed: 0,Bill Number,First Name,Last Name,Party,State,Vote Cast,Name
0,H.R. 9747,Tammy,Baldwin,D,WI,Yea,Tammy Baldwin
1,H.R. 9747,John,Barrasso,R,WY,Yea,John Barrasso
2,H.R. 9747,Michael,Bennet,D,CO,Yea,Michael Bennet
3,H.R. 9747,Marsha,Blackburn,R,TN,Nay,Marsha Blackburn
4,H.R. 9747,Richard,Blumenthal,D,CT,Yea,Richard Blumenthal
5,H.R. 9747,Cory,Booker,D,NJ,Yea,Cory Booker
6,H.R. 9747,John,Boozman,R,AR,Yea,John Boozman
7,H.R. 9747,Mike,Braun,R,IN,Nay,Mike Braun
8,H.R. 9747,Katie,Britt,R,AL,Nay,Katie Britt
9,H.R. 9747,Sherrod ,Brown,D,OH,Yea,Sherrod  Brown
10,H.R. 9747,Ted,Budd,R,NC,Nay,Ted Budd
11,H.R. 9747,Laphonza,Butler,D,CA,Yea,Laphonza Butler
12,H.R. 9747,Maria,Cantwell,D,WA,Yea,Maria Cantwell
13,H.R. 9747,Shelley,Capito,R,WV,Yea,Shelley Capito
14,H.R. 9747,Ben,Cardin,D,MD,Yea,Ben Cardin
15,H.R. 9747,Thomas,Carper,D,DE,Yea,Thomas Carper
16,H.R. 9747,Bob,Casey,D,PA,Yea,Bob Casey
17,H.R. 9747,Bill,Cassidy,R,LA,Yea,Bill Cassidy
18,H.R. 9747,Susan,Collins,R,ME,Yea,Susan Collins
19,H.R. 9747,Christopher,Coons,D,DE,Not Voting,Christopher Coons
20,H.R. 9747,John,Cornyn,R,TX,Yea,John Cornyn
21,H.R. 9747,Catherine,Cortez Masto,D,NV,Yea,Catherine Cortez Masto
22,H.R. 9747,Tom,Cotton,R,AR,Not Voting,Tom Cotton
23,H.R. 9747,Kevin,Cramer,R,ND,Yea,Kevin Cramer
24,H.R. 9747,Mike,Crapo,R,ID,Nay,Mike Crapo
25,H.R. 9747,Ted,Cruz,R,TX,Yea,Ted Cruz
26,H.R. 9747,Steve,Daines,R,MT,Yea,Steve Daines
27,H.R. 9747,Tammy,Duckworth,D,IL,Yea,Tammy Duckworth
28,H.R. 9747,Richard,Durbin,D,IL,Yea,Richard Durbin
29,H.R. 9747,Joni,Ernst,R,IA,Yea,Joni Ernst
30,H.R. 9747,John,Fetterman,D,PA,Yea,John Fetterman
31,H.R. 9747,Deb,Fischer,R,NE,Nay,Deb Fischer
32,H.R. 9747,Kirsten,Gillibrand,D,NY,Yea,Kirsten Gillibrand
33,H.R. 9747,Lindsey,Graham,R,SC,Yea,Lindsey Graham
34,H.R. 9747,Chuck,Grassley,R,IA,Yea,Chuck Grassley
35,H.R. 9747,Bill,Hagerty,R,TN,Nay,Bill Hagerty
36,H.R. 9747,Maggie,Hassan,D,NH,Yea,Maggie Hassan
37,H.R. 9747,Josh,Hawley,R,MO,Nay,Josh Hawley
38,H.R. 9747,Martin,Heinrich,D,NM,Yea,Martin Heinrich
39,H.R. 9747,George,Helmy,D,NJ,Yea,George Helmy
40,H.R. 9747,John,Hickenlooper,D,CO,Yea,John Hickenlooper
41,H.R. 9747,Mazie,Hirono,D,HI,Yea,Mazie Hirono
42,H.R. 9747,John,Hoeven,R,ND,Yea,John Hoeven
43,H.R. 9747,Cindy,Hyde-Smith,R,MS,Yea,Cindy Hyde-Smith
44,H.R. 9747,Ron,Johnson,R,WI,Nay,Ron Johnson
45,H.R. 9747,Timothy,Kaine,D,VA,Yea,Timothy Kaine
46,H.R. 9747,Mark,Kelly,D,AZ,Yea,Mark Kelly
47,H.R. 9747,John,Kennedy,R,LA,Yea,John Kennedy
48,H.R. 9747,Angus,King,I,ME,Yea,Angus King
49,H.R. 9747,Amy,Klobuchar,D,MN,Yea,Amy Klobuchar
50,H.R. 9747,James,Lankford,R,OK,Yea,James Lankford
51,H.R. 9747,Mike,Lee,R,UT,Nay,Mike Lee
52,H.R. 9747,Ben,Lujan,D,NM,Yea,Ben Lujan
53,H.R. 9747,Cynthia,Lummis,R,WY,Yea,Cynthia Lummis
54,H.R. 9747,Joseph,Manchin,I,WV,Yea,Joseph Manchin
55,H.R. 9747,Edward,Markey,D,MA,Yea,Edward Markey
56,H.R. 9747,Roger,Marshall,R,KS,Nay,Roger Marshall
57,H.R. 9747,Mitch,McConnell,R,KY,Yea,Mitch McConnell
58,H.R. 9747,Jeff,Merkley,D,OR,Yea,Jeff Merkley
59,H.R. 9747,Jerry,Moran,R,KS,Yea,Jerry Moran
60,H.R. 9747,Markwayne,Mullin,R,OK,Nay,Markwayne Mullin
61,H.R. 9747,Lisa,Murkowski,R,AK,Yea,Lisa Murkowski
62,H.R. 9747,Christopher,Murphy,D,CT,Yea,Christopher Murphy
63,H.R. 9747,Patty,Murray,D,WA,Yea,Patty Murray
64,H.R. 9747,Jon,Ossoff,D,GA,Yea,Jon Ossoff
65,H.R. 9747,Alex,Padilla,D,CA,Yea,Alex Padilla
66,H.R. 9747,Rand,Paul,R,KY,Nay,Rand Paul
67,H.R. 9747,Gary,Peters,D,MI,Yea,Gary Peters
68,H.R. 9747,John,Reed,D,RI,Yea,John Reed
69,H.R. 9747,Pete,Ricketts,R,NE,Nay,Pete Ricketts
70,H.R. 9747,James ,Risch,R,ID,Nay,James  Risch
71,H.R. 9747,Mitt,Romney,R,UT,Yea,Mitt Romney
72,H.R. 9747,Jacklyn,Rosen,D,NV,Yea,Jacklyn Rosen
73,H.R. 9747,Mike,Rounds,R,SD,Yea,Mike Rounds
74,H.R. 9747,Marco,Rubio,R,FL,Yea,Marco Rubio
75,H.R. 9747,Bernard,Sanders,I,VT,Yea,Bernard Sanders
76,H.R. 9747,Brian,Schatz,D,HI,Yea,Brian Schatz
77,H.R. 9747,Eric ,Schmitt,R,MO,Nay,Eric  Schmitt
78,H.R. 9747,Charles,Schumer,D,NY,Yea,Charles Schumer
79,H.R. 9747,Rick,Scott,R,FL,Not Voting,Rick Scott
80,H.R. 9747,Tim,Scott,R,SC,Nay,Tim Scott
81,H.R. 9747,Jeanne,Shaheen,D,NH,Yea,Jeanne Shaheen
82,H.R. 9747,Kyrsten,Sinema,I,AZ,Yea,Kyrsten Sinema
83,H.R. 9747,Tina,Smith,D,MN,Yea,Tina Smith
84,H.R. 9747,Debbie,Stabenow,D,MI,Yea,Debbie Stabenow
85,H.R. 9747,Dan,Sullivan,R,AK,Yea,Dan Sullivan
86,H.R. 9747,Jon,Tester,D,MT,Yea,Jon Tester
87,H.R. 9747,John,Thune,R,SD,Yea,John Thune
88,H.R. 9747,Thomas,Tillis,R,NC,Yea,Thomas Tillis
89,H.R. 9747,Tommy,Tuberville,R,AL,Nay,Tommy Tuberville
90,H.R. 9747,Chris,Van Hollen,D,MD,Yea,Chris Van Hollen
91,H.R. 9747,J.,Vance,R,OH,Not Voting,J. Vance
92,H.R. 9747,Mark,Warner,D,VA,Yea,Mark Warner
93,H.R. 9747,Raphael,Warnock,D,GA,Yea,Raphael Warnock
94,H.R. 9747,Elizabeth,Warren,D,MA,Yea,Elizabeth Warren
95,H.R. 9747,Peter,Welch,D,VT,Yea,Peter Welch
96,H.R. 9747,Sheldon,Whitehouse,D,RI,Yea,Sheldon Whitehouse
97,H.R. 9747,Roger,Wicker,R,MS,Yea,Roger Wicker
98,H.R. 9747,Ron,Wyden,D,OR,Yea,Ron Wyden
99,H.R. 9747,Todd,Young,R,IN,Yea,Todd Young
100,,Tammy,Baldwin,D,WI,Nay,Tammy Baldwin
101,,John,Barrasso,R,WY,Yea,John Barrasso
102,,Michael,Bennet,D,CO,Nay,Michael Bennet
103,,Marsha,Blackburn,R,TN,Yea,Marsha Blackburn
104,,Richard,Blumenthal,D,CT,Nay,Richard Blumenthal
105,,Cory,Booker,D,NJ,Nay,Cory Booker
106,,John,Boozman,R,AR,Yea,John Boozman
107,,Mike,Braun,R,IN,Yea,Mike Braun
108,,Katie,Britt,R,AL,Yea,Katie Britt
109,,Sherrod ,Brown,D,OH,Yea,Sherrod  Brown
110,,Ted,Budd,R,NC,Yea,Ted Budd
111,,Laphonza,Butler,D,CA,Nay,Laphonza Butler
112,,Maria,Cantwell,D,WA,Nay,Maria Cantwell
113,,Shelley,Capito,R,WV,Yea,Shelley Capito
114,,Ben,Cardin,D,MD,Nay,Ben Cardin
115,,Thomas,Carper,D,DE,Not Voting,Thomas Carper
116,,Bob,Casey,D,PA,Nay,Bob Casey
117,,Bill,Cassidy,R,LA,Yea,Bill Cassidy
118,,Susan,Collins,R,ME,Yea,Susan Collins
119,,Christopher,Coons,D,DE,Nay,Christopher Coons
120,,John,Cornyn,R,TX,Yea,John Cornyn
121,,Catherine,Cortez Masto,D,NV,Nay,Catherine Cortez Masto
122,,Tom,Cotton,R,AR,Yea,Tom Cotton
123,,Kevin,Cramer,R,ND,Yea,Kevin Cramer
124,,Mike,Crapo,R,ID,Yea,Mike Crapo
125,,Ted,Cruz,R,TX,Yea,Ted Cruz
126,,Steve,Daines,R,MT,Yea,Steve Daines
127,,Tammy,Duckworth,D,IL,Nay,Tammy Duckworth
128,,Richard,Durbin,D,IL,Nay,Richard Durbin
129,,Joni,Ernst,R,IA,Yea,Joni Ernst
130,,John,Fetterman,D,PA,Nay,John Fetterman
131,,Deb,Fischer,R,NE,Yea,Deb Fischer
132,,Kirsten,Gillibrand,D,NY,Nay,Kirsten Gillibrand
133,,Lindsey,Graham,R,SC,Yea,Lindsey Graham
134,,Chuck,Grassley,R,IA,Yea,Chuck Grassley
135,,Bill,Hagerty,R,TN,Yea,Bill Hagerty
136,,Maggie,Hassan,D,NH,Nay,Maggie Hassan
137,,Josh,Hawley,R,MO,Yea,Josh Hawley
138,,Martin,Heinrich,D,NM,Nay,Martin Heinrich
139,,George,Helmy,D,NJ,Nay,George Helmy
140,,John,Hickenlooper,D,CO,Nay,John Hickenlooper
141,,Mazie,Hirono,D,HI,Nay,Mazie Hirono
142,,John,Hoeven,R,ND,Yea,John Hoeven
143,,Cindy,Hyde-Smith,R,MS,Yea,Cindy Hyde-Smith
144,,Ron,Johnson,R,WI,Yea,Ron Johnson
145,,Timothy,Kaine,D,VA,Nay,Timothy Kaine
146,,Mark,Kelly,D,AZ,Nay,Mark Kelly
147,,John,Kennedy,R,LA,Yea,John Kennedy
148,,Angus,King,I,ME,Nay,Angus King
149,,Amy,Klobuchar,D,MN,Nay,Amy Klobuchar
150,,James,Lankford,R,OK,Yea,James Lankford
151,,Mike,Lee,R,UT,Yea,Mike Lee
152,,Ben,Lujan,D,NM,Nay,Ben Lujan
153,,Cynthia,Lummis,R,WY,Yea,Cynthia Lummis
154,,Joseph,Manchin,I,WV,Nay,Joseph Manchin
155,,Edward,Markey,D,MA,Nay,Edward Markey
156,,Roger,Marshall,R,KS,Not Voting,Roger Marshall
157,,Mitch,McConnell,R,KY,Yea,Mitch McConnell
158,,Jeff,Merkley,D,OR,Nay,Jeff Merkley
159,,Jerry,Moran,R,KS,Yea,Jerry Moran
160,,Markwayne,Mullin,R,OK,Yea,Markwayne Mullin
161,,Lisa,Murkowski,R,AK,Yea,Lisa Murkowski
162,,Christopher,Murphy,D,CT,Nay,Christopher Murphy
163,,Patty,Murray,D,WA,Nay,Patty Murray
164,,Jon,Ossoff,D,GA,Nay,Jon Ossoff
165,,Alex,Padilla,D,CA,Nay,Alex Padilla
166,,Rand,Paul,R,KY,Yea,Rand Paul
167,,Gary,Peters,D,MI,Nay,Gary Peters
168,,John,Reed,D,RI,Nay,John Reed
169,,Pete,Ricketts,R,NE,Yea,Pete Ricketts
170,,James ,Risch,R,ID,Yea,James  Risch
171,,Mitt,Romney,R,UT,Yea,Mitt Romney
172,,Jacklyn,Rosen,D,NV,Nay,Jacklyn Rosen
173,,Mike,Rounds,R,SD,Not Voting,Mike Rounds
174,,Marco,Rubio,R,FL,Yea,Marco Rubio
175,,Bernard,Sanders,I,VT,Nay,Bernard Sanders
176,,Brian,Schatz,D,HI,Nay,Brian Schatz
177,,Eric ,Schmitt,R,MO,Yea,Eric  Schmitt
178,,Charles,Schumer,D,NY,Nay,Charles Schumer
179,,Rick,Scott,R,FL,Yea,Rick Scott
180,,Tim,Scott,R,SC,Yea,Tim Scott
181,,Jeanne,Shaheen,D,NH,Nay,Jeanne Shaheen
182,,Kyrsten,Sinema,I,AZ,Nay,Kyrsten Sinema
183,,Tina,Smith,D,MN,Nay,Tina Smith
184,,Debbie,Stabenow,D,MI,Nay,Debbie Stabenow
185,,Dan,Sullivan,R,AK,Yea,Dan Sullivan
186,,Jon,Tester,D,MT,Yea,Jon Tester
187,,John,Thune,R,SD,Yea,John Thune
188,,Thomas,Tillis,R,NC,Not Voting,Thomas Tillis
189,,Tommy,Tuberville,R,AL,Yea,Tommy Tuberville
190,,Chris,Van Hollen,D,MD,Nay,Chris Van Hollen
191,,J.,Vance,R,OH,Not Voting,J. Vance
192,,Mark,Warner,D,VA,Nay,Mark Warner
193,,Raphael,Warnock,D,GA,Nay,Raphael Warnock
194,,Elizabeth,Warren,D,MA,Nay,Elizabeth Warren
195,,Peter,Welch,D,VT,Nay,Peter Welch
196,,Sheldon,Whitehouse,D,RI,Nay,Sheldon Whitehouse
197,,Roger,Wicker,R,MS,Yea,Roger Wicker
198,,Ron,Wyden,D,OR,Not Voting,Ron Wyden
199,,Todd,Young,R,IN,Yea,Todd Young
200,H.R. 7024,Tammy,Baldwin,D,WI,Yea,Tammy Baldwin
201,H.R. 7024,John,Barrasso,R,WY,Nay,John Barrasso
202,H.R. 7024,Michael,Bennet,D,CO,Yea,Michael Bennet
203,H.R. 7024,Marsha,Blackburn,R,TN,Not Voting,Marsha Blackburn
204,H.R. 7024,Richard,Blumenthal,D,CT,Yea,Richard Blumenthal
205,H.R. 7024,Cory,Booker,D,NJ,Yea,Cory Booker
206,H.R. 7024,John,Boozman,R,AR,Nay,John Boozman
207,H.R. 7024,Mike,Braun,R,IN,Nay,Mike Braun
208,H.R. 7024,Katie,Britt,R,AL,Nay,Katie Britt
209,H.R. 7024,Sherrod ,Brown,D,OH,Yea,Sherrod  Brown
210,H.R. 7024,Ted,Budd,R,NC,Nay,Ted Budd
211,H.R. 7024,Laphonza,Butler,D,CA,Yea,Laphonza Butler
212,H.R. 7024,Maria,Cantwell,D,WA,Yea,Maria Cantwell
213,H.R. 7024,Shelley,Capito,R,WV,Nay,Shelley Capito
214,H.R. 7024,Ben,Cardin,D,MD,Yea,Ben Cardin
215,H.R. 7024,Thomas,Carper,D,DE,Yea,Thomas Carper
216,H.R. 7024,Bob,Casey,D,PA,Yea,Bob Casey
217,H.R. 7024,Bill,Cassidy,R,LA,Nay,Bill Cassidy
218,H.R. 7024,Susan,Collins,R,ME,Nay,Susan Collins
219,H.R. 7024,Christopher,Coons,D,DE,Yea,Christopher Coons
220,H.R. 7024,John,Cornyn,R,TX,Nay,John Cornyn
221,H.R. 7024,Catherine,Cortez Masto,D,NV,Yea,Catherine Cortez Masto
222,H.R. 7024,Tom,Cotton,R,AR,Nay,Tom Cotton
223,H.R. 7024,Kevin,Cramer,R,ND,Nay,Kevin Cramer
224,H.R. 7024,Mike,Crapo,R,ID,Nay,Mike Crapo
225,H.R. 7024,Ted,Cruz,R,TX,Nay,Ted Cruz
226,H.R. 7024,Steve,Daines,R,MT,Nay,Steve Daines
227,H.R. 7024,Tammy,Duckworth,D,IL,Yea,Tammy Duckworth
228,H.R. 7024,Richard,Durbin,D,IL,Yea,Richard Durbin
229,H.R. 7024,Joni,Ernst,R,IA,Nay,Joni Ernst
230,H.R. 7024,John,Fetterman,D,PA,Not Voting,John Fetterman
231,H.R. 7024,Deb,Fischer,R,NE,Nay,Deb Fischer
232,H.R. 7024,Kirsten,Gillibrand,D,NY,Yea,Kirsten Gillibrand
233,H.R. 7024,Lindsey,Graham,R,SC,Nay,Lindsey Graham
234,H.R. 7024,Chuck,Grassley,R,IA,Nay,Chuck Grassley
235,H.R. 7024,Bill,Hagerty,R,TN,Nay,Bill Hagerty
236,H.R. 7024,Maggie,Hassan,D,NH,Yea,Maggie Hassan
237,H.R. 7024,Josh,Hawley,R,MO,Yea,Josh Hawley
238,H.R. 7024,Martin,Heinrich,D,NM,Yea,Martin Heinrich
239,H.R. 7024,John,Hickenlooper,D,CO,Yea,John Hickenlooper
240,H.R. 7024,Mazie,Hirono,D,HI,Yea,Mazie Hirono
241,H.R. 7024,John,Hoeven,R,ND,Not Voting,John Hoeven
242,H.R. 7024,Cindy,Hyde-Smith,R,MS,Nay,Cindy Hyde-Smith
243,H.R. 7024,Ron,Johnson,R,WI,Nay,Ron Johnson
244,H.R. 7024,Timothy,Kaine,D,VA,Yea,Timothy Kaine
245,H.R. 7024,Mark,Kelly,D,AZ,Yea,Mark Kelly
246,H.R. 7024,John,Kennedy,R,LA,Nay,John Kennedy
247,H.R. 7024,Angus,King,I,ME,Yea,Angus King
248,H.R. 7024,Amy,Klobuchar,D,MN,Yea,Amy Klobuchar
249,H.R. 7024,James,Lankford,R,OK,Nay,James Lankford
250,H.R. 7024,Mike,Lee,R,UT,Nay,Mike Lee
251,H.R. 7024,Ben,Lujan,D,NM,Yea,Ben Lujan
252,H.R. 7024,Cynthia,Lummis,R,WY,Nay,Cynthia Lummis
253,H.R. 7024,Joseph,Manchin,I,WV,Nay,Joseph Manchin
254,H.R. 7024,Edward,Markey,D,MA,Yea,Edward Markey
255,H.R. 7024,Roger,Marshall,R,KS,Nay,Roger Marshall
256,H.R. 7024,Mitch,McConnell,R,KY,Nay,Mitch McConnell
257,H.R. 7024,Robert,Menendez,D,NJ,Not Voting,Robert Menendez
258,H.R. 7024,Jeff,Merkley,D,OR,Yea,Jeff Merkley
259,H.R. 7024,Jerry,Moran,R,KS,Nay,Jerry Moran
260,H.R. 7024,Markwayne,Mullin,R,OK,Yea,Markwayne Mullin
261,H.R. 7024,Lisa,Murkowski,R,AK,Nay,Lisa Murkowski
262,H.R. 7024,Christopher,Murphy,D,CT,Yea,Christopher Murphy
263,H.R. 7024,Patty,Murray,D,WA,Yea,Patty Murray
264,H.R. 7024,Jon,Ossoff,D,GA,Yea,Jon Ossoff
265,H.R. 7024,Alex,Padilla,D,CA,Yea,Alex Padilla
266,H.R. 7024,Rand,Paul,R,KY,Nay,Rand Paul
267,H.R. 7024,Gary,Peters,D,MI,Yea,Gary Peters
268,H.R. 7024,John,Reed,D,RI,Yea,John Reed
269,H.R. 7024,Pete,Ricketts,R,NE,Nay,Pete Ricketts
270,H.R. 7024,James ,Risch,R,ID,Nay,James  Risch
271,H.R. 7024,Mitt,Romney,R,UT,Not Voting,Mitt Romney
272,H.R. 7024,Jacklyn,Rosen,D,NV,Yea,Jacklyn Rosen
273,H.R. 7024,Mike,Rounds,R,SD,Nay,Mike Rounds
274,H.R. 7024,Marco,Rubio,R,FL,Nay,Marco Rubio
275,H.R. 7024,Bernard,Sanders,I,VT,Nay,Bernard Sanders
276,H.R. 7024,Brian,Schatz,D,HI,Yea,Brian Schatz
277,H.R. 7024,Eric ,Schmitt,R,MO,Nay,Eric  Schmitt
278,H.R. 7024,Charles,Schumer,D,NY,Nay,Charles Schumer
279,H.R. 7024,Rick,Scott,R,FL,Yea,Rick Scott
280,H.R. 7024,Tim,Scott,R,SC,Not Voting,Tim Scott
281,H.R. 7024,Jeanne,Shaheen,D,NH,Yea,Jeanne Shaheen
282,H.R. 7024,Kyrsten,Sinema,I,AZ,Yea,Kyrsten Sinema
283,H.R. 7024,Tina,Smith,D,MN,Yea,Tina Smith
284,H.R. 7024,Debbie,Stabenow,D,MI,Yea,Debbie Stabenow
285,H.R. 7024,Dan,Sullivan,R,AK,Nay,Dan Sullivan
286,H.R. 7024,Jon,Tester,D,MT,Yea,Jon Tester
287,H.R. 7024,John,Thune,R,SD,Nay,John Thune
288,H.R. 7024,Thomas,Tillis,R,NC,Nay,Thomas Tillis
289,H.R. 7024,Tommy,Tuberville,R,AL,Nay,Tommy Tuberville
290,H.R. 7024,Chris,Van Hollen,D,MD,Yea,Chris Van Hollen
291,H.R. 7024,J.,Vance,R,OH,Not Voting,J. Vance
292,H.R. 7024,Mark,Warner,D,VA,Not Voting,Mark Warner
293,H.R. 7024,Raphael,Warnock,D,GA,Yea,Raphael Warnock
294,H.R. 7024,Elizabeth,Warren,D,MA,Yea,Elizabeth Warren
295,H.R. 7024,Peter,Welch,D,VT,Yea,Peter Welch
296,H.R. 7024,Sheldon,Whitehouse,D,RI,Yea,Sheldon Whitehouse
297,H.R. 7024,Roger,Wicker,R,MS,Nay,Roger Wicker
298,H.R. 7024,Ron,Wyden,D,OR,Yea,Ron Wyden
299,H.R. 7024,Todd,Young,R,IN,Nay,Todd Young
300,H.R. 3935,Tammy,Baldwin,D,WI,Yea,Tammy Baldwin
301,H.R. 3935,John,Barrasso,R,WY,Not Voting,John Barrasso
302,H.R. 3935,Michael,Bennet,D,CO,Yea,Michael Bennet
303,H.R. 3935,Marsha,Blackburn,R,TN,Yea,Marsha Blackburn
304,H.R. 3935,Richard,Blumenthal,D,CT,Yea,Richard Blumenthal
305,H.R. 3935,Cory,Booker,D,NJ,Yea,Cory Booker
306,H.R. 3935,John,Boozman,R,AR,Yea,John Boozman
307,H.R. 3935,Mike,Braun,R,IN,Not Voting,Mike Braun
308,H.R. 3935,Katie,Britt,R,AL,Not Voting,Katie Britt
309,H.R. 3935,Sherrod ,Brown,D,OH,Yea,Sherrod  Brown
310,H.R. 3935,Ted,Budd,R,NC,Yea,Ted Budd
311,H.R. 3935,Laphonza,Butler,D,CA,Yea,Laphonza Butler
312,H.R. 3935,Maria,Cantwell,D,WA,Yea,Maria Cantwell
313,H.R. 3935,Shelley,Capito,R,WV,Yea,Shelley Capito
314,H.R. 3935,Ben,Cardin,D,MD,Nay,Ben Cardin
315,H.R. 3935,Thomas,Carper,D,DE,Yea,Thomas Carper
316,H.R. 3935,Bob,Casey,D,PA,Yea,Bob Casey
317,H.R. 3935,Bill,Cassidy,R,LA,Yea,Bill Cassidy
318,H.R. 3935,Susan,Collins,R,ME,Yea,Susan Collins
319,H.R. 3935,Christopher,Coons,D,DE,Yea,Christopher Coons
320,H.R. 3935,John,Cornyn,R,TX,Yea,John Cornyn
321,H.R. 3935,Catherine,Cortez Masto,D,NV,Yea,Catherine Cortez Masto
322,H.R. 3935,Tom,Cotton,R,AR,Yea,Tom Cotton
323,H.R. 3935,Kevin,Cramer,R,ND,Yea,Kevin Cramer
324,H.R. 3935,Mike,Crapo,R,ID,Yea,Mike Crapo
325,H.R. 3935,Ted,Cruz,R,TX,Yea,Ted Cruz
326,H.R. 3935,Steve,Daines,R,MT,Yea,Steve Daines
327,H.R. 3935,Tammy,Duckworth,D,IL,Yea,Tammy Duckworth
328,H.R. 3935,Richard,Durbin,D,IL,Yea,Richard Durbin
329,H.R. 3935,Joni,Ernst,R,IA,Yea,Joni Ernst
330,H.R. 3935,John,Fetterman,D,PA,Yea,John Fetterman
331,H.R. 3935,Deb,Fischer,R,NE,Yea,Deb Fischer
332,H.R. 3935,Kirsten,Gillibrand,D,NY,Yea,Kirsten Gillibrand
333,H.R. 3935,Lindsey,Graham,R,SC,Yea,Lindsey Graham
334,H.R. 3935,Chuck,Grassley,R,IA,Yea,Chuck Grassley
335,H.R. 3935,Bill,Hagerty,R,TN,Not Voting,Bill Hagerty
336,H.R. 3935,Maggie,Hassan,D,NH,Yea,Maggie Hassan
337,H.R. 3935,Josh,Hawley,R,MO,Yea,Josh Hawley
338,H.R. 3935,Martin,Heinrich,D,NM,Yea,Martin Heinrich
339,H.R. 3935,John,Hickenlooper,D,CO,Yea,John Hickenlooper
340,H.R. 3935,Mazie,Hirono,D,HI,Yea,Mazie Hirono
341,H.R. 3935,John,Hoeven,R,ND,Yea,John Hoeven
342,H.R. 3935,Cindy,Hyde-Smith,R,MS,Yea,Cindy Hyde-Smith
343,H.R. 3935,Ron,Johnson,R,WI,Yea,Ron Johnson
344,H.R. 3935,Timothy,Kaine,D,VA,Nay,Timothy Kaine
345,H.R. 3935,Mark,Kelly,D,AZ,Yea,Mark Kelly
346,H.R. 3935,John,Kennedy,R,LA,Yea,John Kennedy
347,H.R. 3935,Angus,King,I,ME,Yea,Angus King
348,H.R. 3935,Amy,Klobuchar,D,MN,Yea,Amy Klobuchar
349,H.R. 3935,James,Lankford,R,OK,Yea,James Lankford
350,H.R. 3935,Mike,Lee,R,UT,Yea,Mike Lee
351,H.R. 3935,Ben,Lujan,D,NM,Yea,Ben Lujan
352,H.R. 3935,Cynthia,Lummis,R,WY,Yea,Cynthia Lummis
353,H.R. 3935,Joseph,Manchin,D,WV,Not Voting,Joseph Manchin
354,H.R. 3935,Edward,Markey,D,MA,Yea,Edward Markey
355,H.R. 3935,Roger,Marshall,R,KS,Yea,Roger Marshall
356,H.R. 3935,Mitch,McConnell,R,KY,Yea,Mitch McConnell
357,H.R. 3935,Robert,Menendez,D,NJ,Not Voting,Robert Menendez
358,H.R. 3935,Jeff,Merkley,D,OR,Yea,Jeff Merkley
359,H.R. 3935,Jerry,Moran,R,KS,Yea,Jerry Moran
360,H.R. 3935,Markwayne,Mullin,R,OK,Yea,Markwayne Mullin
361,H.R. 3935,Lisa,Murkowski,R,AK,Yea,Lisa Murkowski
362,H.R. 3935,Christopher,Murphy,D,CT,Yea,Christopher Murphy
363,H.R. 3935,Patty,Murray,D,WA,Yea,Patty Murray
364,H.R. 3935,Jon,Ossoff,D,GA,Yea,Jon Ossoff
365,H.R. 3935,Alex,Padilla,D,CA,Yea,Alex Padilla
366,H.R. 3935,Rand,Paul,R,KY,Yea,Rand Paul
367,H.R. 3935,Gary,Peters,D,MI,Yea,Gary Peters
368,H.R. 3935,John,Reed,D,RI,Yea,John Reed
369,H.R. 3935,Pete,Ricketts,R,NE,Yea,Pete Ricketts
370,H.R. 3935,James ,Risch,R,ID,Yea,James  Risch
371,H.R. 3935,Mitt,Romney,R,UT,Not Voting,Mitt Romney
372,H.R. 3935,Jacklyn,Rosen,D,NV,Yea,Jacklyn Rosen
373,H.R. 3935,Mike,Rounds,R,SD,Yea,Mike Rounds
374,H.R. 3935,Marco,Rubio,R,FL,Yea,Marco Rubio
375,H.R. 3935,Bernard,Sanders,I,VT,Yea,Bernard Sanders
376,H.R. 3935,Brian,Schatz,D,HI,Yea,Brian Schatz
377,H.R. 3935,Eric ,Schmitt,R,MO,Yea,Eric  Schmitt
378,H.R. 3935,Charles,Schumer,D,NY,Yea,Charles Schumer
379,H.R. 3935,Rick,Scott,R,FL,Yea,Rick Scott
380,H.R. 3935,Tim,Scott,R,SC,Yea,Tim Scott
381,H.R. 3935,Jeanne,Shaheen,D,NH,Yea,Jeanne Shaheen
382,H.R. 3935,Kyrsten,Sinema,I,AZ,Not Voting,Kyrsten Sinema
383,H.R. 3935,Tina,Smith,D,MN,Yea,Tina Smith
384,H.R. 3935,Debbie,Stabenow,D,MI,Yea,Debbie Stabenow
385,H.R. 3935,Dan,Sullivan,R,AK,Yea,Dan Sullivan
386,H.R. 3935,Jon,Tester,D,MT,Yea,Jon Tester
387,H.R. 3935,John,Thune,R,SD,Yea,John Thune
388,H.R. 3935,Thomas,Tillis,R,NC,Yea,Thomas Tillis
389,H.R. 3935,Tommy,Tuberville,R,AL,Yea,Tommy Tuberville
390,H.R. 3935,Chris,Van Hollen,D,MD,Nay,Chris Van Hollen
391,H.R. 3935,J.,Vance,R,OH,Yea,J. Vance
392,H.R. 3935,Mark,Warner,D,VA,Nay,Mark Warner
393,H.R. 3935,Raphael,Warnock,D,GA,Yea,Raphael Warnock
394,H.R. 3935,Elizabeth,Warren,D,MA,Yea,Elizabeth Warren
395,H.R. 3935,Peter,Welch,D,VT,Yea,Peter Welch
396,H.R. 3935,Sheldon,Whitehouse,D,RI,Yea,Sheldon Whitehouse
397,H.R. 3935,Roger,Wicker,R,MS,Yea,Roger Wicker
398,H.R. 3935,Ron,Wyden,D,OR,Yea,Ron Wyden
399,H.R. 3935,Todd,Young,R,IN,Yea,Todd Young
400,H.R. 3935,Tammy,Baldwin,D,WI,Yea,Tammy Baldwin
401,H.R. 3935,John,Barrasso,R,WY,Yea,John Barrasso
402,H.R. 3935,Michael,Bennet,D,CO,Yea,Michael Bennet
403,H.R. 3935,Marsha,Blackburn,R,TN,Yea,Marsha Blackburn
404,H.R. 3935,Richard,Blumenthal,D,CT,Yea,Richard Blumenthal
405,H.R. 3935,Cory,Booker,D,NJ,Yea,Cory Booker
406,H.R. 3935,John,Boozman,R,AR,Yea,John Boozman
407,H.R. 3935,Mike,Braun,R,IN,Not Voting,Mike Braun
408,H.R. 3935,Katie,Britt,R,AL,Yea,Katie Britt
409,H.R. 3935,Sherrod ,Brown,D,OH,Yea,Sherrod  Brown
410,H.R. 3935,Ted,Budd,R,NC,Yea,Ted Budd
411,H.R. 3935,Laphonza,Butler,D,CA,Yea,Laphonza Butler
412,H.R. 3935,Maria,Cantwell,D,WA,Yea,Maria Cantwell
413,H.R. 3935,Shelley,Capito,R,WV,Yea,Shelley Capito
414,H.R. 3935,Ben,Cardin,D,MD,Nay,Ben Cardin
415,H.R. 3935,Thomas,Carper,D,DE,Yea,Thomas Carper
416,H.R. 3935,Bob,Casey,D,PA,Yea,Bob Casey
417,H.R. 3935,Bill,Cassidy,R,LA,Nay,Bill Cassidy
418,H.R. 3935,Susan,Collins,R,ME,Yea,Susan Collins
419,H.R. 3935,Christopher,Coons,D,DE,Yea,Christopher Coons
420,H.R. 3935,John,Cornyn,R,TX,Yea,John Cornyn
421,H.R. 3935,Catherine,Cortez Masto,D,NV,Yea,Catherine Cortez Masto
422,H.R. 3935,Tom,Cotton,R,AR,Yea,Tom Cotton
423,H.R. 3935,Kevin,Cramer,R,ND,Yea,Kevin Cramer
424,H.R. 3935,Mike,Crapo,R,ID,Yea,Mike Crapo
425,H.R. 3935,Ted,Cruz,R,TX,Yea,Ted Cruz
426,H.R. 3935,Steve,Daines,R,MT,Nay,Steve Daines
427,H.R. 3935,Tammy,Duckworth,D,IL,Yea,Tammy Duckworth
428,H.R. 3935,Richard,Durbin,D,IL,Yea,Richard Durbin
429,H.R. 3935,Joni,Ernst,R,IA,Nay,Joni Ernst
430,H.R. 3935,John,Fetterman,D,PA,Yea,John Fetterman
431,H.R. 3935,Deb,Fischer,R,NE,Yea,Deb Fischer
432,H.R. 3935,Kirsten,Gillibrand,D,NY,Yea,Kirsten Gillibrand
433,H.R. 3935,Lindsey,Graham,R,SC,Yea,Lindsey Graham
434,H.R. 3935,Chuck,Grassley,R,IA,Yea,Chuck Grassley
435,H.R. 3935,Bill,Hagerty,R,TN,Yea,Bill Hagerty
436,H.R. 3935,Maggie,Hassan,D,NH,Yea,Maggie Hassan
437,H.R. 3935,Josh,Hawley,R,MO,Nay,Josh Hawley
438,H.R. 3935,Martin,Heinrich,D,NM,Yea,Martin Heinrich
439,H.R. 3935,John,Hickenlooper,D,CO,Yea,John Hickenlooper
440,H.R. 3935,Mazie,Hirono,D,HI,Yea,Mazie Hirono
441,H.R. 3935,John,Hoeven,R,ND,Yea,John Hoeven
442,H.R. 3935,Cindy,Hyde-Smith,R,MS,Yea,Cindy Hyde-Smith
443,H.R. 3935,Ron,Johnson,R,WI,Nay,Ron Johnson
444,H.R. 3935,Timothy,Kaine,D,VA,Nay,Timothy Kaine
445,H.R. 3935,Mark,Kelly,D,AZ,Yea,Mark Kelly
446,H.R. 3935,John,Kennedy,R,LA,Yea,John Kennedy
447,H.R. 3935,Angus,King,I,ME,Yea,Angus King
448,H.R. 3935,Amy,Klobuchar,D,MN,Yea,Amy Klobuchar
449,H.R. 3935,James,Lankford,R,OK,Yea,James Lankford
450,H.R. 3935,Mike,Lee,R,UT,Nay,Mike Lee
451,H.R. 3935,Ben,Lujan,D,NM,Yea,Ben Lujan
452,H.R. 3935,Cynthia,Lummis,R,WY,Yea,Cynthia Lummis
453,H.R. 3935,Joseph,Manchin,D,WV,Yea,Joseph Manchin
454,H.R. 3935,Edward,Markey,D,MA,Yea,Edward Markey
455,H.R. 3935,Roger,Marshall,R,KS,Yea,Roger Marshall
456,H.R. 3935,Mitch,McConnell,R,KY,Yea,Mitch McConnell
457,H.R. 3935,Robert,Menendez,D,NJ,Yea,Robert Menendez
458,H.R. 3935,Jeff,Merkley,D,OR,Nay,Jeff Merkley
459,H.R. 3935,Jerry,Moran,R,KS,Yea,Jerry Moran
460,H.R. 3935,Markwayne,Mullin,R,OK,Yea,Markwayne Mullin
461,H.R. 3935,Lisa,Murkowski,R,AK,Yea,Lisa Murkowski
462,H.R. 3935,Christopher,Murphy,D,CT,Yea,Christopher Murphy
463,H.R. 3935,Patty,Murray,D,WA,Yea,Patty Murray
464,H.R. 3935,Jon,Ossoff,D,GA,Yea,Jon Ossoff
465,H.R. 3935,Alex,Padilla,D,CA,Yea,Alex Padilla
466,H.R. 3935,Rand,Paul,R,KY,Yea,Rand Paul
467,H.R. 3935,Gary,Peters,D,MI,Yea,Gary Peters
468,H.R. 3935,John,Reed,D,RI,Yea,John Reed
469,H.R. 3935,Pete,Ricketts,R,NE,Yea,Pete Ricketts
470,H.R. 3935,James ,Risch,R,ID,Yea,James  Risch
471,H.R. 3935,Mitt,Romney,R,UT,Yea,Mitt Romney
472,H.R. 3935,Jacklyn,Rosen,D,NV,Yea,Jacklyn Rosen
473,H.R. 3935,Mike,Rounds,R,SD,Yea,Mike Rounds
474,H.R. 3935,Marco,Rubio,R,FL,Yea,Marco Rubio
475,H.R. 3935,Bernard,Sanders,I,VT,Yea,Bernard Sanders
476,H.R. 3935,Brian,Schatz,D,HI,Yea,Brian Schatz
477,H.R. 3935,Eric ,Schmitt,R,MO,Nay,Eric  Schmitt
478,H.R. 3935,Charles,Schumer,D,NY,Yea,Charles Schumer
479,H.R. 3935,Rick,Scott,R,FL,Not Voting,Rick Scott
480,H.R. 3935,Tim,Scott,R,SC,Yea,Tim Scott
481,H.R. 3935,Jeanne,Shaheen,D,NH,Yea,Jeanne Shaheen
482,H.R. 3935,Kyrsten,Sinema,I,AZ,Not Voting,Kyrsten Sinema
483,H.R. 3935,Tina,Smith,D,MN,Yea,Tina Smith
484,H.R. 3935,Debbie,Stabenow,D,MI,Yea,Debbie Stabenow
485,H.R. 3935,Dan,Sullivan,R,AK,Yea,Dan Sullivan
486,H.R. 3935,Jon,Tester,D,MT,Yea,Jon Tester
487,H.R. 3935,John,Thune,R,SD,Yea,John Thune
488,H.R. 3935,Thomas,Tillis,R,NC,Yea,Thomas Tillis
489,H.R. 3935,Tommy,Tuberville,R,AL,Yea,Tommy Tuberville
490,H.R. 3935,Chris,Van Hollen,D,MD,Nay,Chris Van Hollen
491,H.R. 3935,J.,Vance,R,OH,Nay,J. Vance
492,H.R. 3935,Mark,Warner,D,VA,Nay,Mark Warner
493,H.R. 3935,Raphael,Warnock,D,GA,Yea,Raphael Warnock
494,H.R. 3935,Elizabeth,Warren,D,MA,Yea,Elizabeth Warren
495,H.R. 3935,Peter,Welch,D,VT,Yea,Peter Welch
496,H.R. 3935,Sheldon,Whitehouse,D,RI,Yea,Sheldon Whitehouse
497,H.R. 3935,Roger,Wicker,R,MS,Yea,Roger Wicker
498,H.R. 3935,Ron,Wyden,D,OR,Yea,Ron Wyden
499,H.R. 3935,Todd,Young,R,IN,Yea,Todd Young
500,H.R. 3935,Tammy,Baldwin,D,WI,Nay,Tammy Baldwin
501,H.R. 3935,John,Barrasso,R,WY,Nay,John Barrasso
502,H.R. 3935,Michael,Bennet,D,CO,Nay,Michael Bennet
503,H.R. 3935,Marsha,Blackburn,R,TN,Nay,Marsha Blackburn
504,H.R. 3935,Richard,Blumenthal,D,CT,Nay,Richard Blumenthal
505,H.R. 3935,Cory,Booker,D,NJ,Nay,Cory Booker
506,H.R. 3935,John,Boozman,R,AR,Nay,John Boozman
507,H.R. 3935,Mike,Braun,R,IN,Not Voting,Mike Braun
508,H.R. 3935,Katie,Britt,R,AL,Nay,Katie Britt
509,H.R. 3935,Sherrod ,Brown,D,OH,Nay,Sherrod  Brown
510,H.R. 3935,Ted,Budd,R,NC,Nay,Ted Budd
511,H.R. 3935,Laphonza,Butler,D,CA,Nay,Laphonza Butler
512,H.R. 3935,Maria,Cantwell,D,WA,Nay,Maria Cantwell
513,H.R. 3935,Shelley,Capito,R,WV,Nay,Shelley Capito
514,H.R. 3935,Ben,Cardin,D,MD,Nay,Ben Cardin
515,H.R. 3935,Thomas,Carper,D,DE,Nay,Thomas Carper
516,H.R. 3935,Bob,Casey,D,PA,Nay,Bob Casey
517,H.R. 3935,Bill,Cassidy,R,LA,Yea,Bill Cassidy
518,H.R. 3935,Susan,Collins,R,ME,Nay,Susan Collins
519,H.R. 3935,Christopher,Coons,D,DE,Nay,Christopher Coons
520,H.R. 3935,John,Cornyn,R,TX,Yea,John Cornyn
521,H.R. 3935,Catherine,Cortez Masto,D,NV,Nay,Catherine Cortez Masto
522,H.R. 3935,Tom,Cotton,R,AR,Nay,Tom Cotton
523,H.R. 3935,Kevin,Cramer,R,ND,Nay,Kevin Cramer
524,H.R. 3935,Mike,Crapo,R,ID,Nay,Mike Crapo
525,H.R. 3935,Ted,Cruz,R,TX,Nay,Ted Cruz
526,H.R. 3935,Steve,Daines,R,MT,Nay,Steve Daines
527,H.R. 3935,Tammy,Duckworth,D,IL,Nay,Tammy Duckworth
528,H.R. 3935,Richard,Durbin,D,IL,Nay,Richard Durbin
529,H.R. 3935,Joni,Ernst,R,IA,Yea,Joni Ernst
530,H.R. 3935,John,Fetterman,D,PA,Nay,John Fetterman
531,H.R. 3935,Deb,Fischer,R,NE,Nay,Deb Fischer
532,H.R. 3935,Kirsten,Gillibrand,D,NY,Nay,Kirsten Gillibrand
533,H.R. 3935,Lindsey,Graham,R,SC,Nay,Lindsey Graham
534,H.R. 3935,Chuck,Grassley,R,IA,Nay,Chuck Grassley
535,H.R. 3935,Bill,Hagerty,R,TN,Nay,Bill Hagerty
536,H.R. 3935,Maggie,Hassan,D,NH,Nay,Maggie Hassan
537,H.R. 3935,Josh,Hawley,R,MO,Yea,Josh Hawley
538,H.R. 3935,Martin,Heinrich,D,NM,Nay,Martin Heinrich
539,H.R. 3935,John,Hickenlooper,D,CO,Nay,John Hickenlooper
540,H.R. 3935,Mazie,Hirono,D,HI,Nay,Mazie Hirono
541,H.R. 3935,John,Hoeven,R,ND,Nay,John Hoeven
542,H.R. 3935,Cindy,Hyde-Smith,R,MS,Nay,Cindy Hyde-Smith
543,H.R. 3935,Ron,Johnson,R,WI,Yea,Ron Johnson
544,H.R. 3935,Timothy,Kaine,D,VA,Nay,Timothy Kaine
545,H.R. 3935,Mark,Kelly,D,AZ,Nay,Mark Kelly
546,H.R. 3935,John,Kennedy,R,LA,Yea,John Kennedy
547,H.R. 3935,Angus,King,I,ME,Nay,Angus King
548,H.R. 3935,Amy,Klobuchar,D,MN,Nay,Amy Klobuchar
549,H.R. 3935,James,Lankford,R,OK,Nay,James Lankford
550,H.R. 3935,Mike,Lee,R,UT,Yea,Mike Lee
551,H.R. 3935,Ben,Lujan,D,NM,Nay,Ben Lujan
552,H.R. 3935,Cynthia,Lummis,R,WY,Nay,Cynthia Lummis
553,H.R. 3935,Joseph,Manchin,D,WV,Nay,Joseph Manchin
554,H.R. 3935,Edward,Markey,D,MA,Nay,Edward Markey
555,H.R. 3935,Roger,Marshall,R,KS,Yea,Roger Marshall
556,H.R. 3935,Mitch,McConnell,R,KY,Nay,Mitch McConnell
557,H.R. 3935,Robert,Menendez,D,NJ,Nay,Robert Menendez
558,H.R. 3935,Jeff,Merkley,D,OR,Nay,Jeff Merkley
559,H.R. 3935,Jerry,Moran,R,KS,Nay,Jerry Moran
560,H.R. 3935,Markwayne,Mullin,R,OK,Nay,Markwayne Mullin
561,H.R. 3935,Lisa,Murkowski,R,AK,Nay,Lisa Murkowski
562,H.R. 3935,Christopher,Murphy,D,CT,Nay,Christopher Murphy
563,H.R. 3935,Patty,Murray,D,WA,Nay,Patty Murray
564,H.R. 3935,Jon,Ossoff,D,GA,Nay,Jon Ossoff
565,H.R. 3935,Alex,Padilla,D,CA,Nay,Alex Padilla
566,H.R. 3935,Rand,Paul,R,KY,Nay,Rand Paul
567,H.R. 3935,Gary,Peters,D,MI,Nay,Gary Peters
568,H.R. 3935,John,Reed,D,RI,Nay,John Reed
569,H.R. 3935,Pete,Ricketts,R,NE,Nay,Pete Ricketts
570,H.R. 3935,James ,Risch,R,ID,Nay,James  Risch
571,H.R. 3935,Mitt,Romney,R,UT,Nay,Mitt Romney
572,H.R. 3935,Jacklyn,Rosen,D,NV,Nay,Jacklyn Rosen
573,H.R. 3935,Mike,Rounds,R,SD,Nay,Mike Rounds
574,H.R. 3935,Marco,Rubio,R,FL,Nay,Marco Rubio
575,H.R. 3935,Bernard,Sanders,I,VT,Nay,Bernard Sanders
576,H.R. 3935,Brian,Schatz,D,HI,Nay,Brian Schatz
577,H.R. 3935,Eric ,Schmitt,R,MO,Yea,Eric  Schmitt
578,H.R. 3935,Charles,Schumer,D,NY,Nay,Charles Schumer
579,H.R. 3935,Rick,Scott,R,FL,Yea,Rick Scott
580,H.R. 3935,Tim,Scott,R,SC,Nay,Tim Scott
581,H.R. 3935,Jeanne,Shaheen,D,NH,Nay,Jeanne Shaheen
582,H.R. 3935,Kyrsten,Sinema,I,AZ,Not Voting,Kyrsten Sinema
583,H.R. 3935,Tina,Smith,D,MN,Nay,Tina Smith
584,H.R. 3935,Debbie,Stabenow,D,MI,Nay,Debbie Stabenow
585,H.R. 3935,Dan,Sullivan,R,AK,Yea,Dan Sullivan
586,H.R. 3935,Jon,Tester,D,MT,Nay,Jon Tester
587,H.R. 3935,John,Thune,R,SD,Nay,John Thune
588,H.R. 3935,Thomas,Tillis,R,NC,Nay,Thomas Tillis
589,H.R. 3935,Tommy,Tuberville,R,AL,Not Voting,Tommy Tuberville
590,H.R. 3935,Chris,Van Hollen,D,MD,Nay,Chris Van Hollen
591,H.R. 3935,J.,Vance,R,OH,Yea,J. Vance
592,H.R. 3935,Mark,Warner,D,VA,Nay,Mark Warner
593,H.R. 3935,Raphael,Warnock,D,GA,Nay,Raphael Warnock
594,H.R. 3935,Elizabeth,Warren,D,MA,Nay,Elizabeth Warren
595,H.R. 3935,Peter,Welch,D,VT,Nay,Peter Welch
596,H.R. 3935,Sheldon,Whitehouse,D,RI,Nay,Sheldon Whitehouse
597,H.R. 3935,Roger,Wicker,R,MS,Nay,Roger Wicker
598,H.R. 3935,Ron,Wyden,D,OR,Nay,Ron Wyden
599,H.R. 3935,Todd,Young,R,IN,Nay,Todd Young
600,H.R. 3935,Tammy,Baldwin,D,WI,Yea,Tammy Baldwin
601,H.R. 3935,John,Barrasso,R,WY,Yea,John Barrasso
602,H.R. 3935,Michael,Bennet,D,CO,Yea,Michael Bennet
603,H.R. 3935,Marsha,Blackburn,R,TN,Yea,Marsha Blackburn
604,H.R. 3935,Richard,Blumenthal,D,CT,Yea,Richard Blumenthal
605,H.R. 3935,Cory,Booker,D,NJ,Not Voting,Cory Booker
606,H.R. 3935,John,Boozman,R,AR,Yea,John Boozman
607,H.R. 3935,Mike,Braun,R,IN,Yea,Mike Braun
608,H.R. 3935,Katie,Britt,R,AL,Yea,Katie Britt
609,H.R. 3935,Sherrod ,Brown,D,OH,Yea,Sherrod  Brown
610,H.R. 3935,Ted,Budd,R,NC,Yea,Ted Budd
611,H.R. 3935,Laphonza,Butler,D,CA,Yea,Laphonza Butler
612,H.R. 3935,Maria,Cantwell,D,WA,Yea,Maria Cantwell
613,H.R. 3935,Shelley,Capito,R,WV,Yea,Shelley Capito
614,H.R. 3935,Ben,Cardin,D,MD,Nay,Ben Cardin
615,H.R. 3935,Thomas,Carper,D,DE,Yea,Thomas Carper
616,H.R. 3935,Bob,Casey,D,PA,Yea,Bob Casey
617,H.R. 3935,Bill,Cassidy,R,LA,Nay,Bill Cassidy
618,H.R. 3935,Susan,Collins,R,ME,Yea,Susan Collins
619,H.R. 3935,Christopher,Coons,D,DE,Yea,Christopher Coons
620,H.R. 3935,John,Cornyn,R,TX,Yea,John Cornyn
621,H.R. 3935,Catherine,Cortez Masto,D,NV,Yea,Catherine Cortez Masto
622,H.R. 3935,Tom,Cotton,R,AR,Yea,Tom Cotton
623,H.R. 3935,Kevin,Cramer,R,ND,Not Voting,Kevin Cramer
624,H.R. 3935,Mike,Crapo,R,ID,Yea,Mike Crapo
625,H.R. 3935,Ted,Cruz,R,TX,Yea,Ted Cruz
626,H.R. 3935,Steve,Daines,R,MT,Yea,Steve Daines
627,H.R. 3935,Tammy,Duckworth,D,IL,Yea,Tammy Duckworth
628,H.R. 3935,Richard,Durbin,D,IL,Yea,Richard Durbin
629,H.R. 3935,Joni,Ernst,R,IA,Yea,Joni Ernst
630,H.R. 3935,John,Fetterman,D,PA,Yea,John Fetterman
631,H.R. 3935,Deb,Fischer,R,NE,Yea,Deb Fischer
632,H.R. 3935,Kirsten,Gillibrand,D,NY,Yea,Kirsten Gillibrand
633,H.R. 3935,Lindsey,Graham,R,SC,Yea,Lindsey Graham
634,H.R. 3935,Chuck,Grassley,R,IA,Yea,Chuck Grassley
635,H.R. 3935,Bill,Hagerty,R,TN,Yea,Bill Hagerty
636,H.R. 3935,Maggie,Hassan,D,NH,Yea,Maggie Hassan
637,H.R. 3935,Josh,Hawley,R,MO,Nay,Josh Hawley
638,H.R. 3935,Martin,Heinrich,D,NM,Yea,Martin Heinrich
639,H.R. 3935,John,Hickenlooper,D,CO,Yea,John Hickenlooper
640,H.R. 3935,Mazie,Hirono,D,HI,Yea,Mazie Hirono
641,H.R. 3935,John,Hoeven,R,ND,Yea,John Hoeven
642,H.R. 3935,Cindy,Hyde-Smith,R,MS,Yea,Cindy Hyde-Smith
643,H.R. 3935,Ron,Johnson,R,WI,Not Voting,Ron Johnson
644,H.R. 3935,Timothy,Kaine,D,VA,Nay,Timothy Kaine
645,H.R. 3935,Mark,Kelly,D,AZ,Not Voting,Mark Kelly
646,H.R. 3935,John,Kennedy,R,LA,Nay,John Kennedy
647,H.R. 3935,Angus,King,I,ME,Yea,Angus King
648,H.R. 3935,Amy,Klobuchar,D,MN,Yea,Amy Klobuchar
649,H.R. 3935,James,Lankford,R,OK,Yea,James Lankford
650,H.R. 3935,Mike,Lee,R,UT,Nay,Mike Lee
651,H.R. 3935,Ben,Lujan,D,NM,Yea,Ben Lujan
652,H.R. 3935,Cynthia,Lummis,R,WY,Yea,Cynthia Lummis
653,H.R. 3935,Joseph,Manchin,D,WV,Yea,Joseph Manchin
654,H.R. 3935,Edward,Markey,D,MA,Yea,Edward Markey
655,H.R. 3935,Roger,Marshall,R,KS,Yea,Roger Marshall
656,H.R. 3935,Mitch,McConnell,R,KY,Yea,Mitch McConnell
657,H.R. 3935,Robert,Menendez,D,NJ,Not Voting,Robert Menendez
658,H.R. 3935,Jeff,Merkley,D,OR,Yea,Jeff Merkley
659,H.R. 3935,Jerry,Moran,R,KS,Yea,Jerry Moran
660,H.R. 3935,Markwayne,Mullin,R,OK,Yea,Markwayne Mullin
661,H.R. 3935,Lisa,Murkowski,R,AK,Yea,Lisa Murkowski
662,H.R. 3935,Christopher,Murphy,D,CT,Yea,Christopher Murphy
663,H.R. 3935,Patty,Murray,D,WA,Yea,Patty Murray
664,H.R. 3935,Jon,Ossoff,D,GA,Yea,Jon Ossoff
665,H.R. 3935,Alex,Padilla,D,CA,Yea,Alex Padilla
666,H.R. 3935,Rand,Paul,R,KY,Yea,Rand Paul
667,H.R. 3935,Gary,Peters,D,MI,Yea,Gary Peters
668,H.R. 3935,John,Reed,D,RI,Yea,John Reed
669,H.R. 3935,Pete,Ricketts,R,NE,Yea,Pete Ricketts
670,H.R. 3935,James ,Risch,R,ID,Yea,James  Risch
671,H.R. 3935,Mitt,Romney,R,UT,Yea,Mitt Romney
672,H.R. 3935,Jacklyn,Rosen,D,NV,Yea,Jacklyn Rosen
673,H.R. 3935,Mike,Rounds,R,SD,Yea,Mike Rounds
674,H.R. 3935,Marco,Rubio,R,FL,Yea,Marco Rubio
675,H.R. 3935,Bernard,Sanders,I,VT,Not Voting,Bernard Sanders
676,H.R. 3935,Brian,Schatz,D,HI,Yea,Brian Schatz
677,H.R. 3935,Eric ,Schmitt,R,MO,Yea,Eric  Schmitt
678,H.R. 3935,Charles,Schumer,D,NY,Yea,Charles Schumer
679,H.R. 3935,Rick,Scott,R,FL,Yea,Rick Scott
680,H.R. 3935,Tim,Scott,R,SC,Not Voting,Tim Scott
681,H.R. 3935,Jeanne,Shaheen,D,NH,Yea,Jeanne Shaheen
682,H.R. 3935,Kyrsten,Sinema,I,AZ,Yea,Kyrsten Sinema
683,H.R. 3935,Tina,Smith,D,MN,Yea,Tina Smith
684,H.R. 3935,Debbie,Stabenow,D,MI,Yea,Debbie Stabenow
685,H.R. 3935,Dan,Sullivan,R,AK,Not Voting,Dan Sullivan
686,H.R. 3935,Jon,Tester,D,MT,Yea,Jon Tester
687,H.R. 3935,John,Thune,R,SD,Yea,John Thune
688,H.R. 3935,Thomas,Tillis,R,NC,Yea,Thomas Tillis
689,H.R. 3935,Tommy,Tuberville,R,AL,Yea,Tommy Tuberville
690,H.R. 3935,Chris,Van Hollen,D,MD,Nay,Chris Van Hollen
691,H.R. 3935,J.,Vance,R,OH,Nay,J. Vance
692,H.R. 3935,Mark,Warner,D,VA,Nay,Mark Warner
693,H.R. 3935,Raphael,Warnock,D,GA,Yea,Raphael Warnock
694,H.R. 3935,Elizabeth,Warren,D,MA,Nay,Elizabeth Warren
695,H.R. 3935,Peter,Welch,D,VT,Yea,Peter Welch
696,H.R. 3935,Sheldon,Whitehouse,D,RI,Yea,Sheldon Whitehouse
697,H.R. 3935,Roger,Wicker,R,MS,Not Voting,Roger Wicker
698,H.R. 3935,Ron,Wyden,D,OR,Yea,Ron Wyden
699,H.R. 3935,Todd,Young,R,IN,Yea,Todd Young
700,H.R. 3935,Tammy,Baldwin,D,WI,Yea,Tammy Baldwin
701,H.R. 3935,John,Barrasso,R,WY,Yea,John Barrasso
702,H.R. 3935,Michael,Bennet,D,CO,Yea,Michael Bennet
703,H.R. 3935,Marsha,Blackburn,R,TN,Yea,Marsha Blackburn
704,H.R. 3935,Richard,Blumenthal,D,CT,Yea,Richard Blumenthal
705,H.R. 3935,Cory,Booker,D,NJ,Yea,Cory Booker
706,H.R. 3935,John,Boozman,R,AR,Yea,John Boozman
707,H.R. 3935,Mike,Braun,R,IN,Yea,Mike Braun
708,H.R. 3935,Katie,Britt,R,AL,Yea,Katie Britt
709,H.R. 3935,Sherrod ,Brown,D,OH,Yea,Sherrod  Brown
710,H.R. 3935,Ted,Budd,R,NC,Yea,Ted Budd
711,H.R. 3935,Laphonza,Butler,D,CA,Yea,Laphonza Butler
712,H.R. 3935,Maria,Cantwell,D,WA,Yea,Maria Cantwell
713,H.R. 3935,Shelley,Capito,R,WV,Yea,Shelley Capito
714,H.R. 3935,Ben,Cardin,D,MD,Nay,Ben Cardin
715,H.R. 3935,Thomas,Carper,D,DE,Yea,Thomas Carper
716,H.R. 3935,Bob,Casey,D,PA,Yea,Bob Casey
717,H.R. 3935,Bill,Cassidy,R,LA,Yea,Bill Cassidy
718,H.R. 3935,Susan,Collins,R,ME,Yea,Susan Collins
719,H.R. 3935,Christopher,Coons,D,DE,Yea,Christopher Coons
720,H.R. 3935,John,Cornyn,R,TX,Yea,John Cornyn
721,H.R. 3935,Catherine,Cortez Masto,D,NV,Yea,Catherine Cortez Masto
722,H.R. 3935,Tom,Cotton,R,AR,Yea,Tom Cotton
723,H.R. 3935,Kevin,Cramer,R,ND,Yea,Kevin Cramer
724,H.R. 3935,Mike,Crapo,R,ID,Yea,Mike Crapo
725,H.R. 3935,Ted,Cruz,R,TX,Yea,Ted Cruz
726,H.R. 3935,Steve,Daines,R,MT,Yea,Steve Daines
727,H.R. 3935,Tammy,Duckworth,D,IL,Yea,Tammy Duckworth
728,H.R. 3935,Richard,Durbin,D,IL,Yea,Richard Durbin
729,H.R. 3935,Joni,Ernst,R,IA,Yea,Joni Ernst
730,H.R. 3935,John,Fetterman,D,PA,Yea,John Fetterman
731,H.R. 3935,Deb,Fischer,R,NE,Yea,Deb Fischer
732,H.R. 3935,Kirsten,Gillibrand,D,NY,Yea,Kirsten Gillibrand
733,H.R. 3935,Lindsey,Graham,R,SC,Yea,Lindsey Graham
734,H.R. 3935,Chuck,Grassley,R,IA,Yea,Chuck Grassley
735,H.R. 3935,Bill,Hagerty,R,TN,Yea,Bill Hagerty
736,H.R. 3935,Maggie,Hassan,D,NH,Yea,Maggie Hassan
737,H.R. 3935,Josh,Hawley,R,MO,Nay,Josh Hawley
738,H.R. 3935,Martin,Heinrich,D,NM,Yea,Martin Heinrich
739,H.R. 3935,John,Hickenlooper,D,CO,Yea,John Hickenlooper
740,H.R. 3935,Mazie,Hirono,D,HI,Yea,Mazie Hirono
741,H.R. 3935,John,Hoeven,R,ND,Yea,John Hoeven
742,H.R. 3935,Cindy,Hyde-Smith,R,MS,Yea,Cindy Hyde-Smith
743,H.R. 3935,Ron,Johnson,R,WI,Yea,Ron Johnson
744,H.R. 3935,Timothy,Kaine,D,VA,Nay,Timothy Kaine
745,H.R. 3935,Mark,Kelly,D,AZ,Not Voting,Mark Kelly
746,H.R. 3935,John,Kennedy,R,LA,Nay,John Kennedy
747,H.R. 3935,Angus,King,I,ME,Yea,Angus King
748,H.R. 3935,Amy,Klobuchar,D,MN,Yea,Amy Klobuchar
749,H.R. 3935,James,Lankford,R,OK,Yea,James Lankford
750,H.R. 3935,Mike,Lee,R,UT,Nay,Mike Lee
751,H.R. 3935,Ben,Lujan,D,NM,Yea,Ben Lujan
752,H.R. 3935,Cynthia,Lummis,R,WY,Yea,Cynthia Lummis
753,H.R. 3935,Joseph,Manchin,D,WV,Yea,Joseph Manchin
754,H.R. 3935,Edward,Markey,D,MA,Yea,Edward Markey
755,H.R. 3935,Roger,Marshall,R,KS,Yea,Roger Marshall
756,H.R. 3935,Mitch,McConnell,R,KY,Yea,Mitch McConnell
757,H.R. 3935,Robert,Menendez,D,NJ,Yea,Robert Menendez
758,H.R. 3935,Jeff,Merkley,D,OR,Yea,Jeff Merkley
759,H.R. 3935,Jerry,Moran,R,KS,Yea,Jerry Moran
760,H.R. 3935,Markwayne,Mullin,R,OK,Yea,Markwayne Mullin
761,H.R. 3935,Lisa,Murkowski,R,AK,Yea,Lisa Murkowski
762,H.R. 3935,Christopher,Murphy,D,CT,Yea,Christopher Murphy
763,H.R. 3935,Patty,Murray,D,WA,Yea,Patty Murray
764,H.R. 3935,Jon,Ossoff,D,GA,Yea,Jon Ossoff
765,H.R. 3935,Alex,Padilla,D,CA,Yea,Alex Padilla
766,H.R. 3935,Rand,Paul,R,KY,Yea,Rand Paul
767,H.R. 3935,Gary,Peters,D,MI,Yea,Gary Peters
768,H.R. 3935,John,Reed,D,RI,Yea,John Reed
769,H.R. 3935,Pete,Ricketts,R,NE,Yea,Pete Ricketts
770,H.R. 3935,James ,Risch,R,ID,Yea,James  Risch
771,H.R. 3935,Mitt,Romney,R,UT,Yea,Mitt Romney
772,H.R. 3935,Jacklyn,Rosen,D,NV,Yea,Jacklyn Rosen
773,H.R. 3935,Mike,Rounds,R,SD,Yea,Mike Rounds
774,H.R. 3935,Marco,Rubio,R,FL,Yea,Marco Rubio
775,H.R. 3935,Bernard,Sanders,I,VT,Nay,Bernard Sanders
776,H.R. 3935,Brian,Schatz,D,HI,Yea,Brian Schatz
777,H.R. 3935,Eric ,Schmitt,R,MO,Yea,Eric  Schmitt
778,H.R. 3935,Charles,Schumer,D,NY,Yea,Charles Schumer
779,H.R. 3935,Rick,Scott,R,FL,Yea,Rick Scott
780,H.R. 3935,Tim,Scott,R,SC,Yea,Tim Scott
781,H.R. 3935,Jeanne,Shaheen,D,NH,Yea,Jeanne Shaheen
782,H.R. 3935,Kyrsten,Sinema,I,AZ,Yea,Kyrsten Sinema
783,H.R. 3935,Tina,Smith,D,MN,Yea,Tina Smith
784,H.R. 3935,Debbie,Stabenow,D,MI,Yea,Debbie Stabenow
785,H.R. 3935,Dan,Sullivan,R,AK,Yea,Dan Sullivan
786,H.R. 3935,Jon,Tester,D,MT,Yea,Jon Tester
787,H.R. 3935,John,Thune,R,SD,Yea,John Thune
788,H.R. 3935,Thomas,Tillis,R,NC,Yea,Thomas Tillis
789,H.R. 3935,Tommy,Tuberville,R,AL,Yea,Tommy Tuberville
790,H.R. 3935,Chris,Van Hollen,D,MD,Nay,Chris Van Hollen
791,H.R. 3935,J.,Vance,R,OH,Nay,J. Vance
792,H.R. 3935,Mark,Warner,D,VA,Nay,Mark Warner
793,H.R. 3935,Raphael,Warnock,D,GA,Yea,Raphael Warnock
794,H.R. 3935,Elizabeth,Warren,D,MA,Nay,Elizabeth Warren
795,H.R. 3935,Peter,Welch,D,VT,Yea,Peter Welch
796,H.R. 3935,Sheldon,Whitehouse,D,RI,Yea,Sheldon Whitehouse
797,H.R. 3935,Roger,Wicker,R,MS,Yea,Roger Wicker
798,H.R. 3935,Ron,Wyden,D,OR,Yea,Ron Wyden
799,H.R. 3935,Todd,Young,R,IN,Yea,Todd Young
800,H.R. 815,Tammy,Baldwin,D,WI,Yea,Tammy Baldwin
801,H.R. 815,John,Barrasso,R,WY,Nay,John Barrasso
802,H.R. 815,Michael,Bennet,D,CO,Yea,Michael Bennet
803,H.R. 815,Marsha,Blackburn,R,TN,Nay,Marsha Blackburn
804,H.R. 815,Richard,Blumenthal,D,CT,Yea,Richard Blumenthal
805,H.R. 815,Cory,Booker,D,NJ,Yea,Cory Booker
806,H.R. 815,John,Boozman,R,AR,Yea,John Boozman
807,H.R. 815,Mike,Braun,R,IN,Nay,Mike Braun
808,H.R. 815,Katie,Britt,R,AL,Yea,Katie Britt
809,H.R. 815,Sherrod ,Brown,D,OH,Yea,Sherrod  Brown
810,H.R. 815,Ted,Budd,R,NC,Nay,Ted Budd
811,H.R. 815,Laphonza,Butler,D,CA,Yea,Laphonza Butler
812,H.R. 815,Maria,Cantwell,D,WA,Yea,Maria Cantwell
813,H.R. 815,Shelley,Capito,R,WV,Yea,Shelley Capito
814,H.R. 815,Ben,Cardin,D,MD,Yea,Ben Cardin
815,H.R. 815,Thomas,Carper,D,DE,Yea,Thomas Carper
816,H.R. 815,Bob,Casey,D,PA,Yea,Bob Casey
817,H.R. 815,Bill,Cassidy,R,LA,Yea,Bill Cassidy
818,H.R. 815,Susan,Collins,R,ME,Yea,Susan Collins
819,H.R. 815,Christopher,Coons,D,DE,Yea,Christopher Coons
820,H.R. 815,John,Cornyn,R,TX,Yea,John Cornyn
821,H.R. 815,Catherine,Cortez Masto,D,NV,Yea,Catherine Cortez Masto
822,H.R. 815,Tom,Cotton,R,AR,Yea,Tom Cotton
823,H.R. 815,Kevin,Cramer,R,ND,Yea,Kevin Cramer
824,H.R. 815,Mike,Crapo,R,ID,Yea,Mike Crapo
825,H.R. 815,Ted,Cruz,R,TX,Nay,Ted Cruz
826,H.R. 815,Steve,Daines,R,MT,Yea,Steve Daines
827,H.R. 815,Tammy,Duckworth,D,IL,Yea,Tammy Duckworth
828,H.R. 815,Richard,Durbin,D,IL,Yea,Richard Durbin
829,H.R. 815,Joni,Ernst,R,IA,Yea,Joni Ernst
830,H.R. 815,John,Fetterman,D,PA,Yea,John Fetterman
831,H.R. 815,Deb,Fischer,R,NE,Yea,Deb Fischer
832,H.R. 815,Kirsten,Gillibrand,D,NY,Yea,Kirsten Gillibrand
833,H.R. 815,Lindsey,Graham,R,SC,Yea,Lindsey Graham
834,H.R. 815,Chuck,Grassley,R,IA,Yea,Chuck Grassley
835,H.R. 815,Bill,Hagerty,R,TN,Nay,Bill Hagerty
836,H.R. 815,Maggie,Hassan,D,NH,Yea,Maggie Hassan
837,H.R. 815,Josh,Hawley,R,MO,Nay,Josh Hawley
838,H.R. 815,Martin,Heinrich,D,NM,Yea,Martin Heinrich
839,H.R. 815,John,Hickenlooper,D,CO,Yea,John Hickenlooper
840,H.R. 815,Mazie,Hirono,D,HI,Yea,Mazie Hirono
841,H.R. 815,John,Hoeven,R,ND,Yea,John Hoeven
842,H.R. 815,Cindy,Hyde-Smith,R,MS,Yea,Cindy Hyde-Smith
843,H.R. 815,Ron,Johnson,R,WI,Nay,Ron Johnson
844,H.R. 815,Timothy,Kaine,D,VA,Yea,Timothy Kaine
845,H.R. 815,Mark,Kelly,D,AZ,Yea,Mark Kelly
846,H.R. 815,John,Kennedy,R,LA,Yea,John Kennedy
847,H.R. 815,Angus,King,I,ME,Yea,Angus King
848,H.R. 815,Amy,Klobuchar,D,MN,Yea,Amy Klobuchar
849,H.R. 815,James,Lankford,R,OK,Yea,James Lankford
850,H.R. 815,Mike,Lee,R,UT,Nay,Mike Lee
851,H.R. 815,Ben,Lujan,D,NM,Yea,Ben Lujan
852,H.R. 815,Cynthia,Lummis,R,WY,Nay,Cynthia Lummis
853,H.R. 815,Joseph,Manchin,D,WV,Yea,Joseph Manchin
854,H.R. 815,Edward,Markey,D,MA,Yea,Edward Markey
855,H.R. 815,Roger,Marshall,R,KS,Nay,Roger Marshall
856,H.R. 815,Mitch,McConnell,R,KY,Yea,Mitch McConnell
857,H.R. 815,Robert,Menendez,D,NJ,Yea,Robert Menendez
858,H.R. 815,Jeff,Merkley,D,OR,Nay,Jeff Merkley
859,H.R. 815,Jerry,Moran,R,KS,Yea,Jerry Moran
860,H.R. 815,Markwayne,Mullin,R,OK,Yea,Markwayne Mullin
861,H.R. 815,Lisa,Murkowski,R,AK,Yea,Lisa Murkowski
862,H.R. 815,Christopher,Murphy,D,CT,Yea,Christopher Murphy
863,H.R. 815,Patty,Murray,D,WA,Yea,Patty Murray
864,H.R. 815,Jon,Ossoff,D,GA,Yea,Jon Ossoff
865,H.R. 815,Alex,Padilla,D,CA,Yea,Alex Padilla
866,H.R. 815,Rand,Paul,R,KY,Not Voting,Rand Paul
867,H.R. 815,Gary,Peters,D,MI,Yea,Gary Peters
868,H.R. 815,John,Reed,D,RI,Yea,John Reed
869,H.R. 815,Pete,Ricketts,R,NE,Yea,Pete Ricketts
870,H.R. 815,James ,Risch,R,ID,Yea,James  Risch
871,H.R. 815,Mitt,Romney,R,UT,Yea,Mitt Romney
872,H.R. 815,Jacklyn,Rosen,D,NV,Yea,Jacklyn Rosen
873,H.R. 815,Mike,Rounds,R,SD,Yea,Mike Rounds
874,H.R. 815,Marco,Rubio,R,FL,Nay,Marco Rubio
875,H.R. 815,Bernard,Sanders,I,VT,Nay,Bernard Sanders
876,H.R. 815,Brian,Schatz,D,HI,Yea,Brian Schatz
877,H.R. 815,Eric ,Schmitt,R,MO,Nay,Eric  Schmitt
878,H.R. 815,Charles,Schumer,D,NY,Yea,Charles Schumer
879,H.R. 815,Rick,Scott,R,FL,Nay,Rick Scott
880,H.R. 815,Tim,Scott,R,SC,Not Voting,Tim Scott
881,H.R. 815,Jeanne,Shaheen,D,NH,Yea,Jeanne Shaheen
882,H.R. 815,Kyrsten,Sinema,I,AZ,Yea,Kyrsten Sinema
883,H.R. 815,Tina,Smith,D,MN,Yea,Tina Smith
884,H.R. 815,Debbie,Stabenow,D,MI,Yea,Debbie Stabenow
885,H.R. 815,Dan,Sullivan,R,AK,Yea,Dan Sullivan
886,H.R. 815,Jon,Tester,D,MT,Yea,Jon Tester
887,H.R. 815,John,Thune,R,SD,Yea,John Thune
888,H.R. 815,Thomas,Tillis,R,NC,Yea,Thomas Tillis
889,H.R. 815,Tommy,Tuberville,R,AL,Not Voting,Tommy Tuberville
890,H.R. 815,Chris,Van Hollen,D,MD,Yea,Chris Van Hollen
891,H.R. 815,J.,Vance,R,OH,Nay,J. Vance
892,H.R. 815,Mark,Warner,D,VA,Yea,Mark Warner
893,H.R. 815,Raphael,Warnock,D,GA,Yea,Raphael Warnock
894,H.R. 815,Elizabeth,Warren,D,MA,Yea,Elizabeth Warren
895,H.R. 815,Peter,Welch,D,VT,Nay,Peter Welch
896,H.R. 815,Sheldon,Whitehouse,D,RI,Yea,Sheldon Whitehouse
897,H.R. 815,Roger,Wicker,R,MS,Yea,Roger Wicker
898,H.R. 815,Ron,Wyden,D,OR,Yea,Ron Wyden
899,H.R. 815,Todd,Young,R,IN,Yea,Todd Young
900,H.R. 815,Tammy,Baldwin,D,WI,Yea,Tammy Baldwin
901,H.R. 815,John,Barrasso,R,WY,Nay,John Barrasso
902,H.R. 815,Michael,Bennet,D,CO,Yea,Michael Bennet
903,H.R. 815,Marsha,Blackburn,R,TN,Nay,Marsha Blackburn
904,H.R. 815,Richard,Blumenthal,D,CT,Yea,Richard Blumenthal
905,H.R. 815,Cory,Booker,D,NJ,Yea,Cory Booker
906,H.R. 815,John,Boozman,R,AR,Yea,John Boozman
907,H.R. 815,Mike,Braun,R,IN,Nay,Mike Braun
908,H.R. 815,Katie,Britt,R,AL,Nay,Katie Britt
909,H.R. 815,Sherrod ,Brown,D,OH,Yea,Sherrod  Brown
910,H.R. 815,Ted,Budd,R,NC,Nay,Ted Budd
911,H.R. 815,Laphonza,Butler,D,CA,Yea,Laphonza Butler
912,H.R. 815,Maria,Cantwell,D,WA,Yea,Maria Cantwell
913,H.R. 815,Shelley,Capito,R,WV,Yea,Shelley Capito
914,H.R. 815,Ben,Cardin,D,MD,Not Voting,Ben Cardin
915,H.R. 815,Thomas,Carper,D,DE,Yea,Thomas Carper
916,H.R. 815,Bob,Casey,D,PA,Yea,Bob Casey
917,H.R. 815,Bill,Cassidy,R,LA,Yea,Bill Cassidy
918,H.R. 815,Susan,Collins,R,ME,Yea,Susan Collins
919,H.R. 815,Christopher,Coons,D,DE,Yea,Christopher Coons
920,H.R. 815,John,Cornyn,R,TX,Yea,John Cornyn
921,H.R. 815,Catherine,Cortez Masto,D,NV,Yea,Catherine Cortez Masto
922,H.R. 815,Tom,Cotton,R,AR,Nay,Tom Cotton
923,H.R. 815,Kevin,Cramer,R,ND,Yea,Kevin Cramer
924,H.R. 815,Mike,Crapo,R,ID,Yea,Mike Crapo
925,H.R. 815,Ted,Cruz,R,TX,Nay,Ted Cruz
926,H.R. 815,Steve,Daines,R,MT,Nay,Steve Daines
927,H.R. 815,Tammy,Duckworth,D,IL,Yea,Tammy Duckworth
928,H.R. 815,Richard,Durbin,D,IL,Yea,Richard Durbin
929,H.R. 815,Joni,Ernst,R,IA,Nay,Joni Ernst
930,H.R. 815,John,Fetterman,D,PA,Yea,John Fetterman
931,H.R. 815,Deb,Fischer,R,NE,Yea,Deb Fischer
932,H.R. 815,Kirsten,Gillibrand,D,NY,Yea,Kirsten Gillibrand
933,H.R. 815,Lindsey,Graham,R,SC,Yea,Lindsey Graham
934,H.R. 815,Chuck,Grassley,R,IA,Nay,Chuck Grassley
935,H.R. 815,Bill,Hagerty,R,TN,Nay,Bill Hagerty
936,H.R. 815,Maggie,Hassan,D,NH,Yea,Maggie Hassan
937,H.R. 815,Josh,Hawley,R,MO,Not Voting,Josh Hawley
938,H.R. 815,Martin,Heinrich,D,NM,Yea,Martin Heinrich
939,H.R. 815,John,Hickenlooper,D,CO,Yea,John Hickenlooper
940,H.R. 815,Mazie,Hirono,D,HI,Yea,Mazie Hirono
941,H.R. 815,John,Hoeven,R,ND,Yea,John Hoeven
942,H.R. 815,Cindy,Hyde-Smith,R,MS,Yea,Cindy Hyde-Smith
943,H.R. 815,Ron,Johnson,R,WI,Nay,Ron Johnson
944,H.R. 815,Timothy,Kaine,D,VA,Yea,Timothy Kaine
945,H.R. 815,Mark,Kelly,D,AZ,Yea,Mark Kelly
946,H.R. 815,John,Kennedy,R,LA,Yea,John Kennedy
947,H.R. 815,Angus,King,I,ME,Yea,Angus King
948,H.R. 815,Amy,Klobuchar,D,MN,Yea,Amy Klobuchar
949,H.R. 815,James,Lankford,R,OK,Yea,James Lankford
950,H.R. 815,Mike,Lee,R,UT,Nay,Mike Lee
951,H.R. 815,Ben,Lujan,D,NM,Yea,Ben Lujan
952,H.R. 815,Cynthia,Lummis,R,WY,Nay,Cynthia Lummis
953,H.R. 815,Joseph,Manchin,D,WV,Yea,Joseph Manchin
954,H.R. 815,Edward,Markey,D,MA,Yea,Edward Markey
955,H.R. 815,Roger,Marshall,R,KS,Nay,Roger Marshall
956,H.R. 815,Mitch,McConnell,R,KY,Yea,Mitch McConnell
957,H.R. 815,Robert,Menendez,D,NJ,Yea,Robert Menendez
958,H.R. 815,Jeff,Merkley,D,OR,Yea,Jeff Merkley
959,H.R. 815,Jerry,Moran,R,KS,Yea,Jerry Moran
960,H.R. 815,Markwayne,Mullin,R,OK,Yea,Markwayne Mullin
961,H.R. 815,Lisa,Murkowski,R,AK,Yea,Lisa Murkowski
962,H.R. 815,Christopher,Murphy,D,CT,Yea,Christopher Murphy
963,H.R. 815,Patty,Murray,D,WA,Yea,Patty Murray
964,H.R. 815,Jon,Ossoff,D,GA,Yea,Jon Ossoff
965,H.R. 815,Alex,Padilla,D,CA,Yea,Alex Padilla
966,H.R. 815,Rand,Paul,R,KY,Not Voting,Rand Paul
967,H.R. 815,Gary,Peters,D,MI,Yea,Gary Peters
968,H.R. 815,John,Reed,D,RI,Yea,John Reed
969,H.R. 815,Pete,Ricketts,R,NE,Yea,Pete Ricketts
970,H.R. 815,James ,Risch,R,ID,Yea,James  Risch
971,H.R. 815,Mitt,Romney,R,UT,Yea,Mitt Romney
972,H.R. 815,Jacklyn,Rosen,D,NV,Yea,Jacklyn Rosen
973,H.R. 815,Mike,Rounds,R,SD,Yea,Mike Rounds
974,H.R. 815,Marco,Rubio,R,FL,Nay,Marco Rubio
975,H.R. 815,Bernard,Sanders,I,VT,Nay,Bernard Sanders
976,H.R. 815,Brian,Schatz,D,HI,Yea,Brian Schatz
977,H.R. 815,Eric ,Schmitt,R,MO,Nay,Eric  Schmitt
978,H.R. 815,Charles,Schumer,D,NY,Yea,Charles Schumer
979,H.R. 815,Rick,Scott,R,FL,Nay,Rick Scott
980,H.R. 815,Tim,Scott,R,SC,Not Voting,Tim Scott
981,H.R. 815,Jeanne,Shaheen,D,NH,Yea,Jeanne Shaheen
982,H.R. 815,Kyrsten,Sinema,I,AZ,Yea,Kyrsten Sinema
983,H.R. 815,Tina,Smith,D,MN,Yea,Tina Smith
984,H.R. 815,Debbie,Stabenow,D,MI,Yea,Debbie Stabenow
985,H.R. 815,Dan,Sullivan,R,AK,Yea,Dan Sullivan
986,H.R. 815,Jon,Tester,D,MT,Yea,Jon Tester
987,H.R. 815,John,Thune,R,SD,Yea,John Thune
988,H.R. 815,Thomas,Tillis,R,NC,Yea,Thomas Tillis
989,H.R. 815,Tommy,Tuberville,R,AL,Not Voting,Tommy Tuberville
990,H.R. 815,Chris,Van Hollen,D,MD,Yea,Chris Van Hollen
991,H.R. 815,J.,Vance,R,OH,Nay,J. Vance
992,H.R. 815,Mark,Warner,D,VA,Yea,Mark Warner
993,H.R. 815,Raphael,Warnock,D,GA,Yea,Raphael Warnock
994,H.R. 815,Elizabeth,Warren,D,MA,Yea,Elizabeth Warren
995,H.R. 815,Peter,Welch,D,VT,Yea,Peter Welch
996,H.R. 815,Sheldon,Whitehouse,D,RI,Yea,Sheldon Whitehouse
997,H.R. 815,Roger,Wicker,R,MS,Yea,Roger Wicker
998,H.R. 815,Ron,Wyden,D,OR,Yea,Ron Wyden
999,H.R. 815,Todd,Young,R,IN,Yea,Todd Young
